<?xml version="1.0" encoding="UTF-8"?>
<rss version="2.0" xmlns:ror="http://rorweb.com/0.1/" >
<channel>
  <title>ROR Sitemap for https://sanju-portfolio-peach.vercel.app/</title>
  <link>https://sanju-portfolio-peach.vercel.app/</link>

<item>
     <link>https://sanju-portfolio-peach.vercel.app/</link>
     <title>Website Developer in Delhi | Professional Web Design &amp; Development Services</title>
     <description>Experienced website developer specializing in responsive web design, e-commerce solutions, WordPress development, and SEO optimization. Create stunning, user-friendly websites tailored to your business needs. Contact now for affordable and professional web solutions.</description>
     <ror:updatePeriod></ror:updatePeriod>
     <ror:sortOrder>0</ror:sortOrder>
     <ror:resourceOf>sitemap</ror:resourceOf>
</item>
<item>
     <link>https://sanju-portfolio-peach.vercel.app/index.html</link>
     <title>Website Developer in Delhi | Professional Web Design &amp; Development Services</title>
     <description>Experienced website developer specializing in responsive web design, e-commerce solutions, WordPress development, and SEO optimization. Create stunning, user-friendly websites tailored to your business needs. Contact now for affordable and professional web solutions.</description>
     <ror:updatePeriod></ror:updatePeriod>
     <ror:sortOrder>1</ror:sortOrder>
     <ror:resourceOf>sitemap</ror:resourceOf>
</item>
<item>
     <link>https://sanju-portfolio-peach.vercel.app/contact.html</link>
     <title>Sanju - One Page Creative Portfolio Template</title>
     <description>Sanju - website</description>
     <ror:updatePeriod></ror:updatePeriod>
     <ror:sortOrder>1</ror:sortOrder>
     <ror:resourceOf>sitemap</ror:resourceOf>
</item>
<item>
     <link>https://sanju-portfolio-peach.vercel.app/Sanju.pdf</link>
     <title></title>
     
     <ror:updatePeriod></ror:updatePeriod>
     <ror:sortOrder>1</ror:sortOrder>
     <ror:resourceOf>sitemap</ror:resourceOf>
</item>
</channel>
</rss>
  